,일자,코스피,코스피200,S&P500,금값,나스닥,넷플릭스,물가지수,상해종합,주택매매가격지수,통화량(십억원),무담보콜금리 전체,담보콜금리전체,CD(91일),국고채(3년),"회사채(3년, AA-)",니케이,실업률,미국달러환율,중국위안환율,일본100엔환율,유로,WTI유가전처리,필라델피아반도체
0,2002-05-01,844.7781818181818,105.9768181818182,1067.14,326.55,1660.3109130859375,1.1358335216840107,78.37,1577.1946614583333,46.91,812805.7,4.26,0.0,4.81,6.3,7.07,11709.62341889881,3.1,1266.06,0.0,1001.56,1160.82,25.31,476.3
1,2002-06-01,785.7472222222223,98.73833333333332,989.82,314.45,1505.4884887695312,1.0380714029073714,77.87,1562.7794494628906,47.118,822108.1,4.31,0.0,4.85,5.93,6.76,10965.8759765625,2.9,1223.47,0.0,993.12,1169.42,26.86,387.6
2,2002-07-01,754.2576190476191,94.7747619047619,911.62,303.55,1346.0854547674005,1.1100000928748737,77.65,1695.6993302055027,47.574,827976.6,4.29,0.0,4.91,5.7,6.59,10352.265242866848,3.0,1185.12,0.0,1003.88,1175.59,27.02,330.9
3,2002-08-01,712.8242857142857,89.50047619047619,916.07,312.75,1327.3604625355113,0.8709739555012096,77.75,1660.5730535333807,48.402,831521.4,4.31,0.0,4.8,5.37,6.23,9751.20458984375,3.2,1196.37,0.0,1004.44,1170.0,28.98,300.2
4,2002-09-01,705.708,88.29350000000001,815.28,323.55,1251.0690063476563,0.8280714511871338,77.91,1619.5807067871094,49.563,842512.0,4.33,0.0,4.81,5.37,6.06,9354.008429276317,2.7,1208.5,0.0,1001.56,1184.33,30.45,238.2
5,2002-10-01,644.9040909090909,80.845,885.76,317.75,1241.9121783712635,0.5602173960727194,78.01,1527.1596069335938,49.811,853092.8,4.33,0.0,4.91,5.39,6.01,8792.495427911932,2.8,1241.13,0.0,1001.05,1217.23,27.22,295.1
6,2002-11-01,678.2038095238096,86.1004761904762,936.31,318.15,1409.1510009765625,0.6841785997152329,78.17,1464.7899576822915,49.853,868756.6,4.31,0.0,4.91,5.29,5.9,8700.328857421875,2.9,1211.91,0.0,997.21,1214.16,26.89,373.5
7,2002-12-01,701.9963157894737,88.8578947368421,879.82,348.05,1387.1519077845985,0.7923129995663961,78.18,1401.165000221946,49.936,875405.5,4.33,0.0,4.9,5.28,5.88,8692.9435546875,3.1,1208.91,0.0,991.85,1232.05,31.2,289.2
8,2003-01-01,633.2242857142857,80.28714285714285,855.7,368.15,1389.5595179966515,0.8511224843206859,78.77,1428.1662536621093,49.894,880250.7,4.3,0.0,4.7,4.96,5.48,8570.733655427632,3.7,1179.27,0.0,993.28,1251.13,33.51,271.7
9,2003-02-01,592.886,75.0315,841.15,349.95,1313.2615774054275,0.9924436305698596,79.19,1501.5376627604169,50.143,883643.0,4.32,0.0,4.54,4.73,5.25,8538.473684210527,3.8,1191.19,0.0,996.78,1283.12,36.6,297.6
10,2003-03-01,552.3357142857143,70.05190476190475,848.18,337.45,1348.5038132440477,1.273129253160386,79.96,1483.482403564453,50.516,892494.8,4.25,0.0,4.76,4.78,5.44,8169.74853515625,3.7,1232.4,0.0,1038.54,1330.93,31.04,296.3
11,2003-04-01,584.0563636363636,74.59,916.92,338.55,1409.8309500558037,1.5061224301656086,79.56,1549.824268687855,50.972,890351.6,4.26,0.0,4.62,4.6,5.39,7909.389090401785,3.5,1232.82,0.0,1029.19,1338.83,25.8,332.5
12,2003-05-01,612.6963157894737,77.98473684210526,963.59,364.45,1524.182861328125,1.6370407740275066,79.12,1547.6955973307292,51.8,886410.8,4.09,0.0,4.39,4.27,5.26,8132.364281063988,3.4,1199.78,0.0,1023.33,1392.26,29.56,382.3
13,2003-06-01,662.4965,84.5145,974.5,346.4,1631.7509591238838,1.6351700964428129,78.74,1539.7637532552085,52.173,886769.4,4.03,0.0,4.28,4.07,5.28,8895.710425967261,3.4,1194.02,0.0,1008.76,1393.28,30.19,359.7
14,2003-07-01,702.8231818181819,90.10681818181818,993.32,354.35,1716.851357199929,1.8768182396888733,78.88,1502.7537311056385,52.289,886242.9,3.85,0.0,4.15,4.37,5.65,9676.302734375,3.6,1181.59,0.0,995.77,1345.45,30.54,389.6
15,2003-08-01,730.8835,94.0165,1008.01,375.55,1724.8228701636904,1.9021769080843245,79.17,1455.382335844494,52.462,886880.8,3.77,0.0,3.9,4.62,5.87,9884.585611979166,3.5,1178.42,0.0,992.09,1314.49,31.57,456.1
16,2003-09-01,745.7668421052631,95.4242105263158,995.97,385.35,1856.2247546968008,2.5120068391164145,79.5,1406.1833163174715,52.904,891154.2,3.76,0.0,3.83,4.25,5.24,10649.9150390625,3.3,1166.17,0.0,1015.26,1308.85,29.2,419.8
17,2003-10-01,754.0268181818182,97.80227272727274,1050.71,384.25,1907.8912990404208,3.494409986164259,79.73,1374.1880628797744,53.432,885171.7,3.77,3.97,3.93,4.28,5.18,10717.129083806818,3.4,1166.27,0.0,1065.53,1365.5,29.11,496.5
18,2003-11-01,788.6305,102.4185,1058.2,398.15,1939.253687808388,3.5136090203335413,80.1,1360.7564636230468,53.241,896674.7,3.8,4.05,4.23,4.77,5.53,10205.294976128473,3.5,1184.87,0.0,1085.17,1385.52,30.41,529.3
19,2003-12-01,801.8604761904762,103.6909523809524,1111.92,415.45,1956.984541459517,3.6152273199775,80.62,1471.3683922809105,52.801,901818.6,3.79,3.95,4.34,4.87,5.61,10295.98032924107,3.8,1192.95,0.0,1106.05,1464.02,32.52,508.1
20,2004-01-01,845.7372222222223,110.32277777777776,1131.13,402.45,2098.00400390625,4.777392768859864,81.72,1589.9209923377405,52.586,901048.5,3.8,3.87,4.26,4.88,5.67,10892.75740131579,4.0,1184.32,0.0,1112.68,1492.92,33.05,514.4
21,2004-02-01,866.6465000000001,113.613,1144.94,396.15,2048.3600046258225,5.044473648071289,82.74,1681.1685546875,52.693,906803.8,3.78,3.82,4.08,4.83,5.63,10631.92423930921,4.1,1166.69,0.0,1095.65,1473.87,36.16,502.3
22,2004-03-01,876.4804545454546,114.94863636363635,1126.21,426.45,1979.4787013841712,4.4719874962516455,83.54,1708.436820652174,52.8,916675.5,3.77,3.82,3.93,4.58,5.37,11441.080927309782,4.0,1166.34,0.0,1073.06,1430.01,35.76,487.1
23,2004-04-01,907.983,119.0465,1107.3,386.75,2021.3228585379463,4.609387749717349,83.94,1689.5704179243608,52.888,918329.7,3.77,3.8,3.91,4.54,5.29,11960.816638764882,3.7,1150.85,0.0,1071.23,1381.28,37.38,443.5
24,2004-05-01,804.1047368421052,103.64736842105263,1120.68,395.55,1930.0889892578125,4.309285604953766,84.14,1556.7508697509766,52.879,921252.0,3.77,3.81,3.9,4.39,5.07,11037.50830078125,3.5,1177.37,0.0,1048.86,1412.17,39.88,488.9
25,2004-06-01,774.2004545454546,99.68772727272729,1140.84,394.25,2000.97952125186,4.482789175851004,84.06,1465.8769586736505,52.743,927101.8,3.78,3.81,3.91,4.28,4.91,11527.723588423296,3.4,1158.65,0.0,1059.02,1407.31,37.05,485.1
26,2004-07-01,745.9404545454545,96.49772727272726,1101.72,391.05,1912.4242873418896,3.773197162719,84.4,1422.1232743696733,52.603,931581.5,3.78,3.81,3.91,4.19,4.77,11388.59388950893,3.6,1157.66,0.0,1059.14,1420.75,43.8,416.4
27,2004-08-01,767.4331818181818,99.11181818181818,1104.24,409.85,1821.53818026456,2.306428562511097,85.14,1360.154180353338,52.394,936302.7,3.62,3.59,3.7,3.82,4.38,10989.34268465909,3.6,1159.0,0.0,1050.33,1412.07,42.12,371.0
28,2004-09-01,835.0710526315789,107.40736842105264,1114.58,418.25,1884.73095703125,2.2870749973115467,85.49,1368.9434537020595,52.283,946264.9,3.53,3.56,3.52,3.59,4.1,11079.420166015623,3.3,1147.97,0.0,1044.92,1400.99,49.64,384.2
29,2004-10-01,849.8509523809523,109.55714285714284,1130.2,428.55,1938.2523890904015,1.9168706507909865,85.53,1347.2000579833984,52.157,946832.6,3.53,3.56,3.52,3.54,4.01,11012.905517578123,3.4,1144.04,0.0,1049.51,1428.65,51.76,412.3
30,2004-11-01,863.4745454545454,111.58636363636364,1173.82,450.95,2062.8700125558034,1.5504081816900344,85.59,1343.6280905983665,51.926,948780.2,3.36,3.38,3.42,3.42,3.86,10972.996923828125,3.5,1091.19,0.0,1040.99,1416.28,49.13,423.9
31,2004-12-01,872.6027272727272,112.38636363636364,1211.92,438.45,2149.531827059659,1.7270130840214817,84.96,1303.3512971297555,51.71,954714.0,3.28,3.32,3.39,3.28,3.73,11061.316173735118,3.8,1050.91,0.0,1012.47,1408.59,43.45,433.3
32,2005-01-01,900.8838095238096,117.19666666666669,1181.27,422.6,2071.8715087890623,1.6022857010364533,85.78,1236.5023498535156,51.567,958086.2,3.27,3.34,3.47,3.65,4.11,11394.844623766448,4.3,1038.23,0.0,1005.69,1363.74,48.2,404.0
33,2005-02-01,961.8629411764706,125.02941176470588,1203.6,435.65,2065.735769171464,1.583684111896314,85.95,1276.7964618389424,51.732,965151.9,3.27,3.37,3.59,4.19,4.63,11545.295178865132,4.3,1022.43,0.0,974.84,1333.91,51.75,437.2
34,2005-03-01,991.3572727272727,127.71,1180.59,428.35,2030.433643687855,1.407142866741527,86.03,1250.842826511549,51.93,977425.0,3.25,3.31,3.55,4.04,4.48,11809.384055397728,4.1,1007.49,0.0,957.14,1328.62,55.4,417.0
35,2005-04-01,957.0895,123.5,1156.85,434.39,1957.4928617931548,1.6422447987965174,86.27,1199.5730561755952,52.229,982103.7,3.26,3.31,3.52,3.86,4.28,11395.6419921875,3.8,1010.94,0.0,942.59,1308.75,49.72,385.6
36,2005-05-01,939.0157142857142,121.07333333333334,1191.5,417.25,2005.2171572730651,1.951496623811268,85.71,1091.2732364430146,52.512,985474.4,3.3,3.31,3.51,3.71,4.12,11082.379060444078,3.6,1002.21,0.0,939.38,1271.83,51.97,429.0
37,2005-06-01,988.7904761904762,127.67238095238096,1191.33,435.5,2074.017245205966,2.30103891546076,85.32,1084.8735490278764,52.94,995904.3,3.28,3.32,3.51,3.79,4.18,11402.745960582386,3.6,1010.87,0.0,930.05,1229.06,56.5,419.1
38,2005-07-01,1056.8490476190475,136.24238095238096,1234.18,429.8,2145.139001464844,2.445857083797455,85.84,1042.1799577985491,53.379,1004960.2,3.25,3.31,3.51,4.12,4.52,11716.86591796875,3.7,1037.44,0.0,927.21,1249.5,60.57,474.4
39,2005-08-01,1101.780909090909,142.34681818181818,1220.33,435.2,2157.848250679348,3.031739089799964,86.08,1151.2579929517665,53.573,1008802.0,3.25,3.32,3.5,4.33,4.75,12204.975670855978,3.6,1021.17,0.0,921.82,1254.49,68.94,473.8
40,2005-09-01,1168.107619047619,151.7104761904762,1228.81,469.3,2144.6119094122023,3.388299476532709,86.46,1183.1300437233665,53.702,1008223.6,3.25,3.33,3.7,4.52,4.92,12979.37548828125,3.6,1029.33,0.0,927.11,1262.1,66.24,475.3
41,2005-10-01,1194.0825,153.036,1207.01,465.18,2087.092878069197,3.865646169299171,86.69,1129.1447525024414,53.685,1008215.2,3.44,3.55,3.93,4.81,5.2,13392.793017578126,3.6,1046.25,0.0,910.85,1257.99,59.76,432.6
42,2005-11-01,1250.1527272727274,161.0431818181818,1249.48,493.08,2202.835716610863,4.025782312665667,86.44,1101.4346812855113,53.682,1011582.7,3.5,3.6,3.96,5.1,5.5,14368.053564453125,3.3,1041.43,0.0,880.09,1229.01,57.32,481.6
43,2005-12-01,1335.8466666666666,171.9347619047619,1248.29,517.0,2246.087111700149,3.8002040840330578,86.19,1125.4603659889915,53.785,1021591.6,3.69,3.8,4.04,5.06,5.49,15650.833426339286,3.5,1024.15,0.0,863.89,1214.04,61.04,479.5
44,2006-01-01,1382.4533333333334,177.30285714285714,1280.08,568.9,2289.99150390625,3.6832144379615785,86.49,1225.0361938476562,53.964,1027697.4,3.75,3.84,4.15,5.02,5.5,16085.50627055921,3.8,987.03,0.0,854.32,1194.81,67.92,539.1
45,2006-02-01,1344.9595000000002,173.54000000000002,1280.66,561.55,2273.6663111636512,3.674511332260935,86.53,1284.5398236443016,54.208,1034711.9,3.92,4.02,4.25,4.87,5.33,16187.636572265625,4.1,970.22,0.0,822.41,1159.69,61.41,523.2
46,2006-03-01,1332.4822727272729,172.23136363636365,1294.83,583.65,2300.255668308424,3.836770202802575,86.42,1281.6857007897418,54.556,1042293.6,3.98,4.11,4.27,4.93,5.3,16311.54043856534,3.9,975.09,0.0,831.26,1172.83,66.63,499.6
47,2006-04-01,1413.6165,183.536,1310.61,654.42,2338.677361739309,4.228496250353362,86.58,1374.6275512695313,55.038,1048598.6,3.97,4.12,4.33,4.95,5.24,17232.96748046875,3.5,954.44,0.0,814.84,1169.88,71.88,516.9
48,2006-05-01,1392.2465,180.2505,1270.09,645.2,2245.281815962358,4.144155805761164,86.88,1605.5045572916667,55.6,1055855.4,3.96,4.11,4.36,4.78,5.05,16322.239013671877,3.2,941.4,0.0,843.01,1201.65,71.29,464.7
49,2006-06-01,1250.6228571428571,161.5542857142857,1270.2,615.85,2137.413640802557,3.9129221005873247,86.72,1610.2480135830965,55.866,1072886.5,4.16,4.31,4.47,4.89,5.17,14990.307661576704,3.4,955.16,0.0,833.02,1208.68,73.93,441.7
50,2006-07-01,1276.295,165.595,1276.66,636.74,2086.2075012207038,3.3802855610847478,86.99,1687.1857096354167,55.986,1082577.5,4.21,4.33,4.63,4.89,5.18,15147.5541015625,3.4,950.15,0.0,821.39,1206.22,74.4,412.8
51,2006-08-01,1316.263181818182,171.0759090909091,1303.82,627.3,2117.770889945652,2.834285694619884,87.55,1607.115913722826,56.121,1084752.6,4.42,4.5,4.68,4.77,5.1,15786.779127038044,3.4,960.72,0.0,829.71,1230.6,70.26,449.2
52,2006-09-01,1356.872380952381,176.06619047619046,1335.85,598.3,2221.939001464844,3.1393571496009827,87.84,1702.2338053385415,56.392,1098444.2,4.48,4.56,4.64,4.69,5.02,15934.08701171875,3.2,953.68,0.0,814.28,1214.86,62.91,454.7
53,2006-10-01,1356.1284210526314,175.98947368421054,1377.94,606.6,2330.174560546875,3.4833767305720937,87.03,1792.0518439797795,57.151,1110360.9,4.48,4.56,4.57,4.62,4.93,16519.4443359375,3.3,954.23,0.0,803.15,1202.44,58.73,458.1
54,2006-11-01,1401.8768181818182,181.71136363636364,1400.63,648.0,2408.699997674851,4.102925198418753,86.61,1956.04042746804,58.925,1123714.6,4.47,4.57,4.6,4.72,5.05,16101.068994140624,3.2,936.22,0.0,798.03,1205.32,63.13,479.0
55,2006-12-01,1418.6363157894737,183.40105263157892,1418.3,636.7,2431.9080200195312,3.9369999527931214,86.53,2306.7269112723216,60.024,1138295.5,4.49,4.58,4.76,4.82,5.18,16790.213820684523,3.3,925.75,0.0,790.23,1222.79,61.05,467.9
56,2007-01-01,1383.7777272727274,178.44136363636363,1438.24,653.2,2453.1869995117186,3.3363571524620057,86.54,2818.960290527344,60.548,1143814.9,4.63,4.69,4.92,4.97,5.32,17286.32421875,3.6,936.36,0.0,777.94,1216.97,58.14,458.9
57,2007-02-01,1430.5326315789473,185.70315789473685,1406.82,669.35,2479.864193564967,3.2796241233223364,86.59,2810.68369140625,60.768,1154108.8,4.6,4.68,4.95,4.91,5.28,17741.230982730263,3.7,937.02,0.0,776.82,1225.14,61.79,473.5
58,2007-03-01,1430.6799999999998,184.9233333333333,1420.86,663.79,2401.490866921165,3.159740209579468,86.96,2990.483609286221,60.88,1162429.3,4.6,4.69,4.94,4.79,5.2,17128.3671875,3.5,943.26,0.0,804.82,1249.37,65.87,465.6
59,2007-04-01,1516.5261904761903,195.44190476190477,1482.37,678.45,2499.568005371094,3.315714406967163,87.57,3537.1156296502977,60.959,1165291.0,4.68,4.78,4.95,4.94,5.34,17469.809375,3.4,931.5,0.0,783.65,1257.65,65.71,492.9
60,2007-05-01,1610.2438095238097,207.0923809523809,1530.62,660.5,2562.1409024325285,3.1681818528608843,88.06,4083.424275716146,60.979,1171148.4,4.62,4.74,5.04,5.1,5.49,17595.135788690477,3.2,927.91,0.0,768.53,1254.11,64.01,488.3
61,2007-06-01,1754.4364999999998,222.962,1503.35,649.65,2595.3961821056546,2.945918219430106,88.24,4012.633079892113,61.062,1190080.2,4.54,4.67,5.03,5.24,5.64,18001.366164434523,3.2,928.32,0.0,757.05,1244.93,70.68,501.2
62,2007-07-01,1906.112380952381,242.59761904761905,1455.27,664.3,2655.0762067522323,2.719931965782529,88.35,4016.0446333451705,61.221,1200892.7,4.67,4.77,5.05,5.35,5.75,17974.767764136905,3.3,918.85,0.0,755.57,1260.03,78.21,499.1
63,2007-08-01,1821.5786363636364,229.93727272727276,1473.99,673.4,2539.4987156080165,2.4749689516813858,88.3,4848.740128226902,61.336,1208052.8,4.91,5.04,5.21,5.28,5.7,16460.954695991848,3.1,933.8,0.0,799.84,1272.4,74.04,497.4
64,2007-09-01,1879.427647058824,238.15058823529407,1526.75,743.6,2634.4699964021383,2.705864793375919,88.72,5360.101416015625,61.498,1219265.1,4.97,5.12,5.34,5.39,5.85,16235.387803819443,3.0,932.41,0.0,810.55,1291.19,81.66,500.1
65,2007-10-01,2003.4827272727275,253.65727272727275,1549.38,796.59,2780.4156547214675,3.38254655962405,88.9,5824.120334201389,61.656,1229742.1,5.0,5.13,5.34,5.42,5.98,16903.359241832386,3.0,915.86,0.0,790.74,1303.27,94.53,463.4
66,2007-11-01,1932.3836363636365,243.86090909090908,1481.14,783.75,2662.8023507254466,3.472176903770084,89.27,5265.593195134943,61.823,1250790.1,5.0,5.14,5.43,5.54,6.16,15543.764229910714,3.0,916.98,0.0,826.2,1345.6,88.71,414.6
67,2007-12-01,1904.6066666666663,242.93888888888887,1468.36,833.92,2661.5484985351563,3.5752857327461243,89.63,5069.587744140625,61.91,1269522.5,4.99,5.18,5.73,5.89,6.73,15545.065738075658,3.1,930.24,0.0,828.42,1355.24,95.98,408.0
68,2008-01-01,1742.5054545454548,219.5459090909091,1378.55,925.99,2418.093796502976,3.338571412222726,90.13,5045.941827947443,62.08,1286407.8,4.99,5.16,5.81,5.44,6.64,13731.306897615132,3.3,942.39,0.0,872.92,1386.21,91.75,359.0
69,2008-02-01,1688.913888888889,214.8705555555556,1330.63,974.17,2325.825537109375,3.951571476459504,90.97,4452.659118652344,62.271,1309161.7,4.97,5.13,5.28,5.06,6.27,13547.8400390625,3.5,944.69,0.0,880.57,1395.43,101.84,348.0
70,2008-03-01,1653.3238095238096,209.78619047619048,1322.7,916.88,2254.818041992188,4.8792143106460575,92.15,3915.3468656994046,62.746,1324032.7,4.97,5.17,5.25,5.15,6.13,12602.92646484375,3.4,979.86,0.0,972.3,1519.51,101.58,343.9
71,2008-04-01,1775.0004761904763,228.1290476190476,1385.59,877.55,2368.0995538884945,5.08422082120722,94.11,3397.291968936012,63.294,1339434.9,4.99,5.17,5.38,4.98,5.91,13357.69907924107,3.2,986.66,0.0,962.35,1555.05,113.46,385.2
72,2008-05-01,1846.4047368421052,237.24947368421053,1400.38,886.5,2483.240966796875,4.41843521027338,96.0,3551.740173339844,63.679,1356612.9,4.99,5.13,5.36,5.28,6.22,13995.33359375,3.1,1036.73,0.0,994.18,1614.55,127.35,415.2
73,2008-06-01,1760.2855,224.4745,1280.0,925.4,2427.4542875744046,4.367619003568377,97.54,2995.7494506835938,64.064,1369728.1,4.93,5.11,5.36,5.7,6.68,14084.601004464286,3.1,1029.27,0.0,963.02,1601.73,140.0,368.2
74,2008-07-01,1574.9634782608698,200.7195652173913,1267.38,914.07,2278.137284712358,4.0175323919816455,99.44,2802.170707370924,64.314,1378914.3,4.98,5.14,5.52,5.96,6.99,13168.90860262784,3.1,1019.12,0.0,954.22,1606.74,124.08,340.9
75,2008-08-01,1543.168,197.0255,1282.83,831.15,2389.267159598214,4.368843510037377,99.16,2496.4717145647323,64.442,1386101.1,5.21,5.39,5.77,5.77,7.11,12989.35142299107,3.1,1041.54,0.0,953.03,1561.56,115.46,352.8
76,2008-09-01,1440.0823809523808,186.51428571428573,1166.36,870.95,2205.65808686756,4.34653055100214,98.75,2164.094482421875,64.591,1395719.2,5.21,5.39,5.79,5.81,7.46,12123.529052734377,3.0,1130.4,0.0,1060.6,1627.55,100.64,306.9
77,2008-10-01,1214.834090909091,156.81545454545454,968.75,724.55,1730.3195588485055,3.345838432726653,98.49,1933.8010314941407,64.557,1403984.2,4.89,5.17,6.03,5.09,7.95,9117.034157492895,3.0,1326.92,0.0,1327.1,1765.31,67.81,239.5
78,2008-11-01,1070.565,140.418,896.24,818.05,1542.6957815069902,3.127894690162257,96.2,1876.0152160644527,64.297,1426165.1,4.0,4.47,5.62,4.97,8.56,8531.449815538195,3.0,1390.09,0.0,1435.06,1768.9,54.43,198.2
79,2008-12-01,1115.8419047619047,145.6709523809524,903.25,882.05,1525.8904529918325,3.866947921839627,94.58,1950.8965533712635,63.833,1436298.3,3.27,3.99,4.68,3.97,8.35,8463.615141369048,3.3,1373.84,0.0,1503.28,1846.09,44.6,212.2
80,2009-01-01,1152.5905263157897,150.92,825.88,927.85,1537.2004943847655,4.595642709732056,94.31,1936.9030029296875,63.479,1440275.8,2.43,3.05,3.22,3.44,7.34,8331.489514802632,3.6,1346.1,0.0,1487.18,1793.82,41.68,208.3
81,2009-02-01,1142.801,148.382,735.09,942.35,1485.9768387643917,5.2505263027391935,94.95,2205.1738220214843,63.32,1457931.3,2.06,2.59,2.7,3.78,7.07,7694.782586348684,3.9,1429.46,0.0,1546.11,1829.88,44.76,199.0
82,2009-03-01,1136.796818181818,148.8959090909091,797.87,919.145,1432.2331764914773,5.696818221699108,95.4,2228.235262784091,63.209,1470443.1,1.77,2.38,2.45,3.69,6.14,7764.581891741072,4.0,1461.98,0.0,1495.71,1904.04,49.66,230.9
83,2009-04-01,1321.2677272727271,170.42045454545453,872.81,888.2,1641.1476178850446,6.548571495782761,95.51,2461.8327520461307,63.247,1482009.7,1.79,2.35,2.42,3.76,5.68,8767.959402901786,3.8,1341.9,0.0,1356.24,1771.59,51.12,258.5
84,2009-05-01,1401.971052631579,179.17,919.14,979.15,1726.0774963378906,5.745785808563232,94.78,2617.2393391927085,63.315,1491542.7,1.91,2.33,2.41,3.83,5.16,9304.432237413195,3.8,1258.71,0.0,1304.52,1719.12,66.31,271.3
85,2009-06-01,1398.145909090909,178.48545454545453,919.32,926.6,1826.9881980202413,5.693441521037709,94.53,2830.371737393466,63.438,1501898.3,1.93,2.32,2.41,4.09,5.21,9810.306773792614,3.8,1261.35,0.0,1305.52,1767.77,69.89,263.1
86,2009-07-01,1456.8108695652174,189.25739130434783,987.48,954.0,1873.837735262784,6.063896049152721,95.61,3209.906356148098,63.611,1512822.5,1.94,2.3,2.41,4.09,5.46,9691.12002840909,3.7,1263.97,0.0,1338.06,1778.8,69.45,301.7
87,2009-08-01,1580.2352380952382,205.31714285714284,1020.62,951.25,1997.15524437314,6.373197373889742,96.16,3075.495047433036,63.812,1524879.7,1.98,2.28,2.48,4.42,5.74,10430.35095796131,3.7,1238.4,0.0,1304.31,1766.26,69.96,306.2
88,2009-09-01,1658.3,217.11272727272728,1057.08,1007.7,2084.7471284412204,6.382925078982399,96.25,2889.006092418324,64.268,1535279.8,1.98,2.3,2.64,4.4,5.58,10290.24777560764,3.3,1219.15,0.0,1332.42,1774.17,70.61,325.8
89,2009-10-01,1636.8914285714286,213.54666666666665,1036.19,1045.4,2122.8495594371448,7.032077919353139,95.48,3008.786575317383,64.512,1551319.5,2.0,2.31,2.79,4.47,5.6,10066.243210565475,3.2,1175.25,0.0,1300.78,1742.87,77.0,296.6
90,2009-11-01,1587.4061904761904,208.39666666666668,1095.63,1179.6,2143.532507324219,8.313142800331116,95.81,3206.357619512649,64.676,1564175.8,2.0,2.33,2.79,4.32,5.43,9640.991467927632,3.3,1164.23,0.0,1304.43,1736.61,77.28,310.0
91,2009-12-01,1641.1780952380952,217.1319047619048,1115.1,1096.95,2220.59999778054,8.009350559928201,96.29,3220.1893363620925,64.768,1570027.1,2.0,2.3,2.82,4.24,5.35,10169.007626488095,3.5,1166.45,0.0,1300.81,1703.73,79.36,359.9
92,2010-01-01,1684.8825000000002,220.862,1073.87,1080.85,2267.774722450658,7.559172931470369,96.71,3163.75615234375,64.851,1574215.8,2.0,2.3,2.88,4.29,5.4,10661.623201069078,5.0,1138.82,0.0,1248.26,1627.52,72.89,316.1
93,2010-02-01,1600.5736842105264,209.4973684210526,1104.49,1117.6,2194.440005653783,9.061353382311369,96.88,2987.0318196614585,65.04,1595403.8,2.0,2.3,2.88,4.19,5.32,10175.129009046052,4.8,1157.08,0.0,1281.72,1584.53,79.66,338.9
94,2010-03-01,1665.624090909091,217.97454545454545,1169.43,1113.25,2362.243896484375,10.148198832636297,97.33,3056.837232506793,65.201,1607896.1,2.01,2.32,2.83,3.94,5.02,10671.490456321022,4.1,1137.64,0.0,1255.84,1544.89,83.76,366.6
95,2010-04-01,1729.4395454545454,227.12318181818185,1186.69,1179.2,2475.720017206101,12.803673517136346,98.04,3053.3919503348216,65.327,1621176.9,2.0,2.31,2.51,3.77,4.69,11139.77004278274,3.7,1117.11,0.0,1195.31,1501.68,86.15,376.1
96,2010-05-01,1648.8563157894737,215.2384210526316,1089.41,1216.2,2319.239001464844,14.558714246749878,98.87,2661.867639160156,65.358,1630904.7,2.01,2.3,2.45,3.7,4.48,10103.978298611111,3.2,1163.11,0.0,1265.23,1460.68,73.97,355.7
97,2010-06-01,1688.210476190476,221.1609523809524,1030.71,1242.25,2235.2295365767045,16.665519410913642,98.98,2541.3963430304275,65.365,1647981.2,2.0,2.27,2.45,3.75,4.65,9786.05459872159,3.5,1212.33,0.0,1333.59,1480.85,75.63,332.3
98,2010-07-01,1731.2786363636362,225.43,1101.6,1181.0,2210.2738095238096,16.039251781645277,99.23,2493.390170010653,65.303,1653057.5,2.2,2.43,2.58,3.88,4.81,9464.654052734377,3.7,1207.3,0.0,1377.67,1540.31,78.95,348.8
99,2010-08-01,1762.165,229.4540909090909,1049.33,1247.45,2205.28134987571,17.558701211755928,99.53,2636.217828924005,65.271,1653907.2,2.27,2.49,2.63,3.73,4.68,9268.23486328125,3.3,1179.92,0.0,1380.19,1523.33,71.92,307.5
100,2010-09-01,1813.8236842105264,235.81473684210525,1141.2,1308.35,2298.3462262834823,21.353945595877512,100.1,2645.2597913240133,65.333,1659400.1,2.27,2.53,2.66,3.48,4.41,9337.78515625,3.4,1167.01,0.0,1384.17,1518.69,79.97,349.2
101,2010-10-01,1892.467619047619,244.8652380952381,1183.26,1359.4,2441.295689174108,22.85197267078218,100.47,2942.5174255371094,65.469,1669376.6,2.26,2.5,2.66,3.24,4.13,9455.09296875,3.3,1123.45,0.0,1371.09,1559.56,81.43,372.6
102,2010-11-01,1926.1981818181816,250.44681818181817,1180.55,1386.02,2530.989548456101,25.26687068030948,100.82,2973.674405184659,65.721,1679909.9,2.37,2.59,2.73,3.4,4.19,9797.18046875,3.0,1126.2,0.0,1366.58,1541.34,84.11,390.1
103,2010-12-01,1998.3427272727276,264.2472727272728,1257.64,1420.78,2631.56044699929,26.44344139099121,101.75,2845.561123934659,65.991,1682871.9,2.5,2.71,2.8,3.25,4.17,10254.45861235119,3.5,1147.55,0.0,1376.72,1515.36,91.38,411.8
104,2011-01-01,2091.6366666666663,276.03809523809525,1286.12,1332.8,2717.2085205078124,27.08214302062988,103.32,2766.6162353515624,66.3,1676448.8,2.66,2.87,2.93,3.71,4.52,10449.529913651317,3.8,1120.07,0.0,1356.27,1495.37,92.19,440.5
105,2011-02-01,2014.157647058824,264.3888235294117,1327.22,1411.48,2783.5357858758225,31.82120293065121,104.09,2872.0104817708334,66.83,1674390.5,2.75,2.95,3.13,3.94,4.72,10622.266858552632,4.5,1118.14,0.0,1350.97,1524.62,96.97,458.6
106,2011-03-01,1996.809090909091,264.6781818181818,1325.83,1432.3,2722.2891368036685,30.75565222035284,105.34,2941.885561735733,67.482,1677475.9,2.92,3.13,3.35,3.74,4.54,9852.446333451704,4.3,1122.45,0.0,1376.2,1572.59,106.72,437.4
107,2011-04-01,2152.505714285714,284.7295238095238,1363.61,1563.7,2797.07197265625,34.05707149505615,105.99,2995.939838610197,68.037,1684792.3,3.01,3.18,3.4,3.74,4.54,9644.624951171874,3.7,1086.84,0.0,1304.81,1569.39,113.93,449.6
108,2011-05-01,2126.2785,280.159,1345.2,1535.8,2815.0757184709823,34.854149591355096,106.31,2827.0685686383927,68.511,1690543.0,3.02,3.14,3.46,3.66,4.44,9650.783665707237,3.2,1083.54,0.0,1333.6,1551.34,102.7,439.6
109,2011-06-01,2077.458095238095,272.63714285714286,1320.64,1500.35,2687.7627175071025,37.0538307536732,106.07,2708.6812686011904,68.848,1697204.2,3.2,3.33,3.53,3.65,4.4,9541.532359730114,3.3,1081.27,0.0,1342.81,1555.38,95.42,410.4
110,2011-07-01,2147.9961904761903,280.6142857142857,1292.28,1627.88,2810.575500488281,40.29271411895752,106.21,2773.559349423363,69.129,1705451.5,3.26,3.36,3.59,3.77,4.48,9996.678515625,3.3,1059.5,0.0,1333.36,1515.37,95.7,386.9
111,2011-08-01,1877.7859090909087,241.07636363636365,1218.89,1825.72,2504.62303626019,33.3324846184772,106.35,2592.5012843919835,69.47,1719437.8,3.25,3.35,3.59,3.57,4.29,9072.942595108696,3.0,1073.17,0.0,1391.35,1538.73,88.81,355.8
112,2011-09-01,1796.1259999999995,231.2195,1131.42,1623.97,2524.1361955915177,23.9574830191476,106.43,2460.1661667596727,69.848,1729531.1,3.25,3.35,3.58,3.45,4.24,8695.42412109375,3.0,1118.61,0.0,1456.48,1542.38,79.2,338.8
113,2011-10-01,1826.2075,238.556,1253.3,1714.85,2594.7819010416665,15.272176697140647,106.33,2401.14176940918,70.126,1742645.4,3.24,3.35,3.58,3.47,4.29,8733.56298828125,2.9,1155.45,0.0,1508.22,1583.95,93.19,386.5
114,2011-11-01,1860.2286363636365,242.4086363636364,1246.96,1746.38,2606.289039248512,11.394829886300224,105.99,2456.552945223721,70.403,1753296.4,3.26,3.35,3.56,3.39,4.24,8506.105004882813,2.9,1132.31,0.0,1459.96,1536.59,100.36,373.3
115,2011-12-01,1867.3061904761903,243.54761904761904,1257.6,1563.7,2601.6699800037204,10.043469292776924,106.09,2248.844193892045,70.521,1756597.4,3.26,3.36,3.55,3.36,4.24,8505.991908482143,3.0,1147.45,0.0,1473.43,1511.0,98.83,364.4
116,2012-01-01,1888.9985,247.71,1312.41,1737.6,2743.7950073242187,13.96449990272522,106.64,2250.1533203125,70.631,1757058.7,3.26,3.35,3.55,3.37,4.24,8616.708932976973,3.5,1145.85,0.0,1488.74,1477.23,98.48,408.9
117,2012-02-01,2002.5809523809523,262.9109523809524,1365.68,1696.85,2928.9804931640624,17.131500244140625,107.37,2365.987746465774,70.749,1762988.4,3.25,3.35,3.53,3.43,4.25,9242.327055431548,4.2,1123.35,0.0,1433.65,1485.99,107.07,424.2
118,2012-03-01,2026.1423809523808,267.0252380952381,1408.47,1668.35,3035.91591574929,16.14311695098877,107.9,2383.8779629794035,70.856,1773172.9,3.25,3.36,3.54,3.55,4.36,9962.34719122024,3.7,1125.9,0.0,1364.08,1487.13,103.02,438.6
119,2012-04-01,1998.4445,265.288,1397.91,1664.75,3035.101513671875,14.41199984550476,107.95,2356.646283318015,70.932,1777114.7,3.25,3.35,3.54,3.5,4.25,9627.419970703126,3.5,1135.55,0.0,1393.87,1495.55,104.87,413.4
120,2012-05-01,1888.419047619048,250.3057142857143,1310.33,1560.43,2900.409113103693,10.42681815407493,107.35,2388.536299272017,70.967,1784220.5,3.26,3.36,3.54,3.38,4.01,8842.540922619048,3.1,1154.27,0.0,1447.08,1478.58,86.53,368.4
121,2012-06-01,1848.0275,244.98200000000003,1362.16,1597.4,2850.353829520089,9.393401373000373,106.05,2282.519494628906,70.941,1796981.5,3.26,3.37,3.54,3.29,3.87,8638.079520089286,3.2,1165.51,0.0,1469.08,1462.27,84.96,385.5
122,2012-07-01,1827.184090909091,241.0472727272727,1379.32,1614.3,2920.1123976934523,10.75061221349807,105.58,2168.806729403409,70.861,1807289.2,3.09,3.19,3.34,3.01,3.6,8760.67810639881,3.1,1143.36,0.0,1446.38,1406.96,88.06,383.7
123,2012-08-01,1917.4622727272729,254.1709090909091,1406.58,1692.01,3032.66649329144,8.676645963088326,106.23,2114.2926609205165,70.79,1817134.9,3.0,3.11,3.19,2.83,3.4,8949.876061480978,3.0,1131.69,0.0,1438.35,1402.81,96.47,396.2
124,2012-09-01,1958.968,258.068,1440.67,1772.1,3136.8026444284537,8.082481032923647,106.61,2070.1466857910154,70.683,1819290.1,2.99,3.11,3.14,2.81,3.31,8948.590049342105,2.9,1124.78,0.0,1438.63,1445.97,92.19,382.3
125,2012-10-01,1945.155714285714,254.35,1412.16,1720.65,3060.261916387649,9.397278740292505,105.78,2100.0923665364585,70.603,1822420.9,2.81,2.92,2.93,2.78,3.3,8827.38631924716,2.8,1106.93,0.0,1400.86,1435.95,86.24,367.0
126,2012-11-01,1903.5204545454544,249.5686363636364,1416.18,1714.8,2941.0147646949404,11.434557869320823,105.05,2042.7444014115767,70.55,1830280.3,2.75,2.87,2.85,2.8,3.32,9059.85997953869,2.8,1087.52,0.0,1344.04,1395.9,88.91,374.4
127,2012-12-01,1972.3594444444443,261.03277777777777,1426.19,1675.35,3003.7920043945314,12.772142839431762,104.79,2124.66296968006,70.501,1835556.7,2.75,2.87,2.88,2.85,3.3,9814.37736430921,2.9,1076.97,0.0,1288.05,1411.39,91.82,384.1
128,2013-01-01,1990.283181818182,261.86227272727274,1498.11,1663.65,3125.9133184523807,16.71625850314186,104.96,2311.043591308594,70.462,1841128.1,2.76,2.87,2.86,2.75,3.2,10750.854749177632,3.4,1065.35,0.0,1196.82,1415.66,97.49,412.7
129,2013-02-01,1977.739473684211,261.3142105263158,1514.68,1579.58,3169.213147615132,26.065263045461556,105.68,2380.363427734375,70.421,1857135.0,2.75,2.87,2.83,2.7,3.06,11336.44474712171,3.9,1086.68,0.0,1166.43,1452.33,92.05,426.6
130,2013-03-01,1994.587,261.8455,1569.19,1598.75,3236.167041015625,26.384785652160645,105.26,2296.4312104724704,70.389,1862405.5,2.74,2.85,2.81,2.6,2.95,12244.028564453123,3.5,1102.2,0.0,1161.1,1427.45,97.23,436.7
131,2013-04-01,1940.7627272727275,253.685,1597.57,1476.75,3251.3518288352275,26.118636304681957,104.93,2211.795884874132,70.391,1867726.3,2.75,2.85,2.8,2.55,2.91,13224.061430431548,3.2,1121.83,0.0,1148.4,1459.59,93.46,444.4
132,2013-05-01,1976.9366666666665,257.17857142857144,1630.74,1387.92,3440.375443892045,31.95999995144931,104.57,2264.514703924005,70.381,1870289.7,2.56,0.0,2.72,2.59,2.96,14532.40676153274,3.0,1110.67,0.0,1100.33,1441.54,91.97,468.6
133,2013-06-01,1890.6263157894737,245.3215789473684,1606.28,1234.57,3416.741491699219,31.275428104400635,104.55,2119.149126838235,70.353,1884193.2,2.49,2.5,2.69,2.87,3.24,13106.618505859376,3.1,1135.21,0.0,1165.7,1498.69,96.56,468.4
134,2013-07-01,1872.0265217391304,242.64739130434785,1685.73,1325.25,3559.7109042080965,35.159869800914414,104.53,2013.6492336107335,70.351,1890728.6,2.48,0.0,2.68,2.91,3.38,14317.543190696022,3.1,1127.23,0.0,1130.68,1475.13,105.03,477.8
135,2013-08-01,1895.212380952381,246.26238095238097,1632.97,1395.15,3639.928677645597,37.744869752363726,104.82,2073.816905628551,70.323,1888658.4,2.5,0.0,2.66,2.94,3.33,13726.66366299716,3.0,1116.98,0.0,1142.11,1488.42,107.65,457.7
136,2013-09-01,1981.0455555555557,259.4611111111111,1681.55,1328.94,3731.261999511719,43.35285701751709,104.71,2185.3470009251646,70.36,1903187.1,2.5,2.53,2.66,2.9,3.29,14372.116930509868,2.7,1087.35,0.0,1095.09,1449.0,102.33,490.8
137,2013-10-01,2031.072380952381,267.0895238095238,1756.54,1323.1,3848.20262610394,45.95981349115787,104.34,2186.705946180556,70.503,1908557.6,2.5,2.53,2.66,2.83,3.25,14329.022771661932,2.7,1066.8,0.0,1089.59,1455.23,96.38,507.1
138,2013-11-01,2011.8533333333328,264.51047619047614,1805.81,1253.49,3957.5330078125,48.95478572845459,104.13,2161.967703683036,70.626,1923339.2,2.5,2.53,2.65,2.936,3.366,14931.737451171875,2.6,1062.82,0.0,1063.67,1434.24,92.72,510.3
139,2013-12-01,1992.745714285714,261.7665,1848.36,1205.65,4075.885707310268,52.57870737711588,104.37,2163.3789506392045,70.762,1932026.4,2.5,2.56,2.65,2.941,3.36,15655.22607421875,3.0,1056.67,0.0,1021.51,1447.17,98.42,535.0
140,2014-01-01,1951.1745,254.1795,1782.59,1244.55,4154.361862909226,51.30408187139602,104.65,2036.281389508929,70.842,1937045.6,2.5,2.55,2.65,2.892,3.319,15578.280016447368,3.4,1064.75,0.0,1022.75,1451.18,97.49,529.2
141,2014-02-01,1937.738,252.471,1859.45,1326.44,4199.451056229441,61.63127798783152,104.78,2091.4852294921875,70.957,1954340.7,2.49,2.53,2.65,2.854,3.28,14617.570518092103,4.5,1071.3,0.0,1048.64,1462.63,102.59,563.8
142,2014-03-01,1953.3166666666668,253.7619047619048,1872.34,1284.01,4276.359095982143,59.26482990809849,104.74,2036.6289934430804,71.157,1964954.0,2.48,2.53,2.65,2.874,3.303,14694.8265625,3.9,1070.89,0.0,1047.1,1480.5,101.58,586.7
143,2014-04-01,1993.505,259.6959090909091,1883.95,1291.55,4119.306198846726,48.66047613961356,104.58,2074.381737118676,71.304,1970361.6,2.49,2.53,2.65,2.875,3.303,14475.333751860118,3.8,1044.55,0.0,1018.6,1442.03,99.74,576.0
144,2014-05-01,1994.0310526315789,260.0731578947369,1923.57,1249.73,4135.374302455357,51.77571432931082,104.56,2029.7526611328128,71.351,1982390.9,2.49,0.0,2.65,2.838,3.264,14343.14443359375,3.5,1024.99,0.0,1006.99,1406.72,102.71,599.6
145,2014-06-01,1996.2952631578949,259.8226315789474,1960.23,1327.32,4332.737653459822,61.900680178687686,104.61,2043.0151916503903,71.401,1999376.3,2.48,2.53,2.65,2.746,3.168,15131.797665550595,3.5,1019.36,0.0,998.99,1385.45,105.37,635.9
146,2014-07-01,2020.237391304348,262.07695652173913,1930.67,1282.55,4434.125954367898,63.20266220786355,104.69,2086.22925335428,71.466,2013935.1,2.49,0.0,2.65,2.558,2.97,15379.293235085228,3.4,1019.93,0.0,1003.01,1381.96,98.17,607.5
147,2014-08-01,2064.2245,265.5035,2003.37,1287.81,4464.831449962798,65.31721096947079,104.58,2218.362107049851,71.562,2031777.2,2.34,0.0,2.52,2.54,2.926,15358.704287574405,3.3,1025.36,0.0,996.02,1365.89,95.96,645.3
148,2014-09-01,2045.4336842105265,260.82631578947365,1972.29,1208.16,4551.585728236607,66.11646252586728,104.2,2317.0698358444943,71.758,2037600.8,2.24,0.0,2.35,2.405,2.786,15948.469482421877,3.1,1033.24,0.0,962.48,1334.3,91.16,638.5
149,2014-10-01,1946.671904761905,245.7842857142857,2018.05,1173.48,4403.23046875,58.92614928535793,103.47,2354.653903537326,71.97,2051149.8,2.07,0.0,2.21,2.239,2.595,15394.11044034091,3.2,1060.28,0.0,982.7,1344.64,80.54,640.9
150,2014-11-01,1962.2625,249.874,2067.56,1167.41,4687.702688116777,53.34631588584498,103.15,2493.692443847656,72.116,2083253.5,1.98,0.0,2.14,2.138,2.466,17179.027235243055,3.0,1095.1,0.0,942.9,1366.24,66.15,685.7
151,2014-12-01,1945.239523809524,248.8871428571429,2058.9,1184.86,4732.700927734375,48.51396092501554,102.14,2991.3612726384945,72.249,2088729.8,1.99,0.0,2.13,2.143,2.46,17541.69456845238,3.3,1104.33,0.0,925.1,1361.42,53.27,686.9
152,2015-01-01,1920.5638095238091,246.6547619047619,1994.99,1283.78,4673.701489257813,53.40935745239258,100.89,3293.8730712890624,72.345,2092223.5,1.99,0.0,2.13,2.039,2.356,17274.39967105263,3.7,1088.86,0.0,919.93,1267.5,48.24,653.1
153,2015-02-01,1962.6900000000005,250.29,2104.5,1213.22,4854.255833675987,66.13172952752365,100.96,3186.547265625,72.509,2109892.3,1.99,0.0,2.12,2.024,2.3,18053.204461348683,4.5,1098.4,0.0,926.37,1246.77,49.76,714.7
154,2015-03-01,2013.155,255.4640909090909,2067.89,1183.68,4938.01045365767,62.522986672141336,100.84,3483.941261985085,72.809,2127887.8,1.83,0.0,1.95,1.865,2.128,19197.567737926136,4.0,1112.57,0.0,924.4,1206.7,47.6,695.5
155,2015-04-01,2107.5468181818183,264.2231818181818,2085.51,1184.37,4985.951427641369,72.26054454985119,100.8,4186.232177734375,73.169,2148114.7,1.73,0.0,1.81,1.739,1.988,19767.92336309524,3.9,1088.66,0.0,910.67,1175.28,59.63,686.3
156,2015-05-01,2118.2516666666666,262.8211111111111,2107.39,1190.55,5029.431469726563,85.1999282836914,100.87,4467.844995117188,73.441,2166741.1,1.74,0.0,1.8,1.875,2.115,19974.18739149305,3.7,1091.27,0.0,904.5,1219.27,60.3,745.4
157,2015-06-01,2067.405,252.8836363636364,2063.11,1172.42,5073.041836825284,93.20499940352006,100.82,4798.02019391741,73.778,2179561.1,1.57,0.0,1.7,1.773,2.012,20403.840287642044,3.8,1112.2,0.0,898.97,1247.15,59.47,680.5
158,2015-07-01,2061.1495652173912,248.40782608695653,2103.84,1095.82,5082.809969815341,104.23883056640624,100.45,3848.249182659647,74.092,2200510.9,1.48,0.0,1.65,1.777,2.001,20372.583984375,3.6,1143.22,0.0,927.48,1257.72,47.12,646.3
159,2015-08-01,1956.5505,234.48,1972.18,1134.81,4934.622860863095,117.5028562999907,99.83,3594.0173456101197,74.381,2218660.3,1.49,0.0,1.64,1.735,1.98,19919.090401785717,3.4,1179.1,0.0,958.3,1312.92,49.2,611.0
160,2015-09-01,1936.605,233.9205,1920.03,1115.07,4748.004324776785,100.56571524483816,99.39,3127.992248535156,74.731,2230000.7,1.48,0.0,1.6,1.651,1.946,17944.223170230263,3.2,1184.76,0.0,985.71,1331.28,45.09,602.7
161,2015-10-01,2021.3766666666663,246.0290476190476,2079.36,1142.16,4879.03682084517,105.58772763338956,98.71,3342.4785443474266,74.984,2232432.0,1.48,0.0,1.58,1.627,1.962,18374.10574776786,3.1,1148.18,0.0,955.92,1288.92,46.59,662.5
162,2015-11-01,2008.9752380952384,246.6561904761905,2080.41,1064.77,5082.508032226562,116.06949958801268,98.32,3561.1917782738096,75.304,2242848.2,1.49,0.0,1.59,1.752,2.118,19581.77066200658,3.0,1151.97,0.0,940.34,1238.07,41.65,677.1
163,2015-12-01,1973.438095238095,242.5957142857143,2043.94,1061.42,5040.5400390625,121.29636313698508,98.09,3546.047894021739,75.441,2246070.1,1.48,0.0,1.67,1.719,2.143,19202.57691592262,3.2,1172.24,0.0,962.5,1275.34,37.04,663.5
164,2016-01-01,1895.199,230.6905,1940.24,1118.17,4610.7142526726975,105.44789484927529,97.56,2983.3718505859374,75.504,2261356.4,1.49,0.0,1.67,1.628,2.091,17302.297388980263,3.7,1201.67,181.55,1017.44,1306.27,33.62,613.7
165,2016-02-01,1900.8105555555555,232.42277777777772,1932.23,1238.74,4463.206030273437,89.96949996948243,97.56,2803.190078735352,75.558,2285313.5,1.49,0.0,1.64,1.474,1.95,16346.96103515625,4.9,1217.35,185.71,1060.15,1348.77,33.75,622.1
166,2016-03-01,1977.7904545454544,242.6981818181818,2059.74,1232.7,4754.479114879261,99.31590929898348,97.5,2908.5992909307065,75.584,2294544.7,1.49,0.0,1.63,1.498,1.979,16897.340465198864,4.2,1188.21,182.56,1051.68,1322.22,38.34,676.9
167,2016-04-01,1996.8265,245.6645,2065.3,1292.99,4892.168108258928,100.81190454392204,97.74,3005.0718383789062,75.615,2299081.3,1.48,0.0,1.61,1.468,1.94,16543.467431640624,3.9,1147.51,176.93,1044.3,1300.69,45.92,645.3
168,2016-05-01,1967.846,241.432,2096.96,1215.33,4788.235235305059,93.17476145426431,97.86,2859.862816220238,75.665,2312801.2,1.49,0.0,1.58,1.455,1.91,16612.673159950657,3.6,1171.51,179.13,1074.8,1323.56,49.1,699.4
169,2016-06-01,1978.5657142857144,244.3680952380952,2098.86,1322.2,4856.232688210227,94.2986366965554,98.09,2899.186669921875,75.734,2334256.2,1.29,0.0,1.43,1.334,1.789,16068.810813210228,3.6,1170.5,177.26,1107.53,1315.43,48.33,691.7
170,2016-07-01,2002.7847619047616,248.96238095238093,2173.6,1351.0,5023.98896484375,93.16349983215332,97.98,3016.883231026786,75.832,2352245.1,1.23,0.0,1.36,1.218,1.65,16168.31962890625,3.5,1144.09,171.09,1099.08,1265.39,41.6,766.8
171,2016-08-01,2036.765,255.4568181818182,2170.95,1308.97,5217.038319463315,95.62260901409648,98.07,3050.021017323369,75.927,2377323.1,1.23,0.0,1.35,1.238,1.645,16586.070401278408,3.6,1111.68,167.04,1097.61,1245.95,44.7,801.5
172,2016-09-01,2040.6052631578948,257.3278947368421,2168.27,1315.75,5254.154296875,97.44857134137835,98.3,3036.465893554688,76.031,2383040.5,1.24,0.0,1.34,1.312,1.704,16737.04140625,3.5,1107.49,165.72,1087.49,1241.09,48.24,835.6
173,2016-10-01,2037.6225,257.589,2126.15,1277.3,5255.989560081845,113.1566670735677,98.59,3085.98844909668,76.215,2391059.2,1.23,0.0,1.35,1.361,1.781,17044.5103515625,3.3,1125.28,167.04,1084.08,1240.57,46.86,823.5
174,2016-11-01,1985.3831818181816,252.33090909090907,2198.81,1173.25,5260.565243675595,118.38380940755208,99.03,3195.51503684304,76.407,2406393.5,1.23,0.0,1.42,1.609,2.021,17689.540087890626,3.1,1161.64,169.49,1074.17,1254.4,49.44,879.5
175,2016-12-01,2020.577619047619,259.8590476190476,2238.83,1152.27,5413.116652715774,124.00714329310826,99.9,3155.8410089666195,76.463,2414040.9,1.23,0.0,1.54,1.692,2.162,19066.027436755958,3.2,1182.28,170.71,1019.36,1245.51,53.72,906.5
176,2017-01-01,2061.545,266.0535,2278.87,1210.65,5561.423486328125,134.87600059509276,101.35,3136.32568359375,76.481,2417807.6,1.24,0.0,1.5,1.643,2.104,19194.056126644737,3.7,1185.1,172.43,1029.58,1257.71,52.81,944.3
177,2017-02-01,2083.543,269.4855,2363.64,1248.33,5764.702097039473,142.4973698666221,101.74,3211.4585774739585,76.489,2420285.6,1.23,0.0,1.49,1.665,2.13,19188.73291015625,4.9,1144.92,167.21,1012.77,1219.46,54.01,969.4
178,2017-03-01,2134.4645454545457,277.8259090909091,2362.72,1249.35,5864.96433423913,143.22695591138756,101.7,3240.687542459239,76.509,2436994.7,1.23,0.0,1.48,1.709,2.208,19340.177379261364,4.1,1134.77,164.84,1004.41,1213.1,50.6,1011.4
179,2017-04-01,2159.306,280.3205,2384.2,1268.29,5912.169484991777,145.45789457622328,101.48,3213.1758626302085,76.538,2450220.9,1.23,0.0,1.43,1.678,2.195,18736.39052734375,4.2,1132.73,164.49,1029.02,1213.41,49.33,1005.5
180,2017-05-01,2297.596315789474,300.11894736842106,2411.8,1268.94,6124.878173828125,158.39500080455434,101.21,3094.578747558594,76.578,2454386.7,1.23,0.0,1.39,1.69,2.216,19726.7564453125,3.6,1125.28,163.52,1002.87,1245.11,48.32,1091.4
181,2017-06-01,2371.3590476190475,308.59666666666664,2423.41,1241.55,6224.285888671875,156.51136363636363,100.81,3145.7821710759945,76.711,2470861.1,1.24,0.0,1.38,1.673,2.208,20045.627574573864,3.8,1130.04,166.14,1019.24,1268.83,46.04,1034.9
182,2017-07-01,2414.484761904762,316.1347619047619,2470.3,1269.43,6294.6740234375,169.44649963378907,100.89,3222.186314174108,76.891,2472110.4,1.24,0.0,1.39,1.74,2.278,20044.862109375,3.4,1134.4,167.47,1008.68,1305.93,50.17,1085.2
183,2017-08-01,2373.7722727272726,310.1445454545455,2471.65,1321.4,6311.397397248641,172.38956418244734,101.35,3287.491741677989,77.074,2485629.9,1.23,0.0,1.39,1.78,2.32,19670.16912286932,3.6,1130.79,169.16,1029.7,1336.51,47.23,1114.3
184,2017-09-01,2371.3061904761903,312.17047619047617,2519.36,1280.15,6428.078979492188,181.6665008544922,102.03,3363.21570405506,77.139,2492388.2,1.25,0.0,1.38,1.785,2.333,19924.39853515625,3.3,1131.59,172.34,1022.47,1347.86,51.67,1171.7
185,2017-10-01,2480.50625,328.253125,2575.26,1271.08,6603.011341441761,194.2777266068892,102.14,3386.9000459558824,77.226,2504594.2,1.25,0.0,1.38,2.026,2.574,21267.490420386905,3.2,1131.57,171.08,1001.7,1331.28,54.38,1275.6
186,2017-11-01,2538.494545454545,334.41636363636366,2647.58,1274.94,6796.045224144345,195.2233334495908,102.04,3388.264504172585,77.332,2521786.3,1.26,0.0,1.45,2.15,2.709,22525.14853515625,3.1,1105.04,166.82,978.92,1296.16,57.4,1272.6
187,2017-12-01,2472.098421052632,324.53789473684213,2673.61,1303.05,6889.740454101562,187.854500579834,102.09,3293.6683989025296,77.411,2527641.3,1.51,0.0,1.66,2.1,2.649,22769.89090401786,3.3,1085.78,164.53,961.24,1284.44,60.42,1253.1
188,2018-01-01,2520.3818181818183,329.8118181818182,2823.81,1345.15,7279.498046875,232.90809558686755,102.52,3457.0170565518465,77.556,2551196.0,1.5,0.0,1.66,2.19,2.722,23712.210012335527,3.7,1066.7,165.58,960.65,1299.57,64.73,1361.5
189,2018-02-01,2446.121111111111,315.6622222222222,2713.83,1318.38,7161.7726408305925,271.443683021947,102.95,3296.349820963542,77.723,2570764.6,1.49,0.0,1.65,2.277,2.815,21991.68194901316,4.6,1079.58,170.94,998.14,1332.23,61.64,1362.0
190,2018-03-01,2450.8514285714286,316.62952380952385,2640.87,1325.0,7311.506696428572,312.2280970982143,102.91,3247.753584428267,77.917,2578361.8,1.49,0.0,1.65,2.271,2.831,21395.50762648809,4.5,1071.89,169.64,1010.98,1322.89,64.94,1328.9
191,2018-04-01,2457.409047619048,315.5057142857143,2648.05,1315.35,7084.142345610119,307.4661923363095,103.04,3124.2650010850693,78.049,2590840.7,1.48,0.0,1.65,2.192,2.794,21868.7876953125,4.1,1067.76,169.77,993.5,1311.84,68.57,1244.4
192,2018-05-01,2468.2945,316.4845,2705.27,1298.52,7339.327281605114,331.5368194580078,103.34,3147.1321355646305,78.127,2600274.3,1.5,0.0,1.65,2.25,2.86,22590.05450148809,4.0,1076.39,169.16,981.28,1271.8,67.04,1379.0
193,2018-06-01,2398.273684210526,308.00947368421055,2718.37,1253.16,7645.138532366072,384.13333565848217,103.37,2978.06318359375,78.203,2622268.3,1.49,0.0,1.65,2.175,2.805,22562.875093005958,3.7,1092.8,169.14,993.26,1275.06,74.15,1313.7
194,2018-07-01,2288.778181818182,295.45909090909095,2816.29,1224.09,7756.863862537202,381.5152384440104,103.85,2821.058771306818,78.293,2637421.8,1.49,0.0,1.65,2.097,2.75,22322.163174715908,3.7,1122.8,167.13,1007.84,1312.03,68.76,1367.5
195,2018-08-01,2282.913181818182,294.53818181818184,2901.52,1201.4,7892.233462126359,346.257824441661,104.32,2748.159307065217,78.46,2651503.4,1.5,0.0,1.65,2.019,2.656,22494.141474184784,4.0,1121.15,163.73,1009.76,1296.08,69.8,1401.2
196,2018-09-01,2305.939411764706,296.32529411764705,2913.98,1192.5,7983.307411595395,362.6415758634868,104.62,2723.081902754934,79.232,2652829.5,1.54,0.0,1.65,1.953,2.403,23159.29090711805,3.6,1120.6,163.43,1002.78,1304.74,73.25,1366.7
197,2018-10-01,2162.829523809524,278.1747619047619,2711.74,1214.76,7527.083899456522,335.44565217391306,104.26,2601.9574924045137,79.677,2674506.5,1.52,0.0,1.68,2.01,2.452,22690.781338778408,3.5,1130.81,163.3,1002.97,1299.55,65.31,1202.3
198,2018-11-01,2080.5840909090907,270.43,2760.17,1222.5,7236.081449962798,290.3447643461682,103.53,2630.9961381392045,79.799,2692974.8,1.51,0.0,1.71,1.94,2.403,21967.87193080357,3.2,1128.58,162.66,996.02,1282.44,50.93,1239.6
199,2018-12-01,2070.036842105263,266.66105263157897,2506.85,1282.45,6814.291606702303,265.30262997275906,103.03,2573.702551269532,79.861,2699882.3,1.77,0.0,1.91,1.825,2.304,21032.417763157893,3.4,1122.9,162.94,999.21,1277.0,45.41,1155.2
200,2019-01-01,2098.6745454545453,270.87772727272727,2704.1,1321.2,6979.655715215774,325.8142874581473,102.92,2558.4334605823865,79.877,2716722.0,1.76,0.0,1.87,1.807,2.263,20460.512232730263,4.5,1122.0,164.93,1030.47,1281.52,53.79,1272.1
201,2019-02-01,2212.176470588235,286.0094117647059,2784.49,1313.31,7430.077354029605,355.6078957005551,103.02,2779.466748046875,79.824,2730481.9,1.76,0.0,1.87,1.802,2.249,21123.640727796053,4.7,1122.45,166.36,1016.48,1272.47,57.22,1350.2
202,2019-03-01,2164.546,278.5445,2834.4,1292.3,7629.366652715774,359.4357125418527,103.38,3048.2417573474704,79.74,2752723.9,1.76,0.0,1.9,1.789,2.244,21414.884375,4.3,1130.72,168.38,1017.35,1278.47,60.14,1395.5
203,2019-04-01,2210.937727272727,285.9672727272727,2945.83,1283.55,7994.9209216889885,366.1457141694568,103.68,3208.2115157277963,79.63,2763058.0,1.75,0.0,1.86,1.736,2.207,21964.85615234375,4.4,1140.95,169.82,1021.89,1281.77,63.91,1556.2
204,2019-05-01,2090.785714285714,269.447619047619,2752.06,1305.45,7804.820867365057,359.4499997225675,103.79,2898.8030517578127,79.577,2771633.0,1.75,0.0,1.84,1.679,2.153,21218.38003700658,4.0,1183.29,172.15,1075.9,1323.65,53.5,1296.2
205,2019-06-01,2101.864210526316,272.71736842105264,2941.76,1409.45,7825.459008789063,356.61599884033205,103.5,2923.5987741570725,79.508,2799248.0,1.76,0.0,1.8,1.496,2.004,21060.20703125,4.0,1175.62,170.04,1087.71,1327.32,58.47,1459.0
206,2019-07-01,2084.399130434783,272.1473913043478,2980.38,1413.9,8205.598677201704,350.78181596235794,103.5,2947.8459791100545,79.502,2811543.7,1.63,0.0,1.68,1.382,1.885,21593.676491477272,3.9,1175.31,170.86,1085.91,1319.42,58.58,1542.4
207,2019-08-01,1944.7157142857145,255.9033333333333,2926.46,1520.3,7910.933238636364,303.1281793767756,103.74,2847.063998135653,79.546,2832566.1,1.51,0.0,1.49,1.164,1.689,20629.677176339286,3.0,1208.98,171.03,1137.45,1345.55,55.1,1504.9
208,2019-09-01,2041.014736842105,270.1536842105263,2976.74,1472.38,8087.699975585938,281.9454986572265,103.8,2978.3838012695314,79.589,2853272.0,1.52,0.0,1.54,1.287,1.792,21585.458881578947,3.1,1197.55,168.17,1115.69,1318.51,54.07,1558.8
209,2019-10-01,2069.590476190476,273.8390476190476,3037.56,1512.93,8079.27829908288,277.63651972231656,103.56,2954.832777235243,79.664,2874176.1,1.36,0.0,1.46,1.357,1.861,22197.474702380958,3.0,1184.13,166.89,1094.19,1309.03,54.18,1651.2
210,2019-11-01,2130.231904761905,282.50380952380954,3140.98,1463.94,8517.57744140625,299.12549896240233,103.41,2923.773484002976,79.776,2901465.4,1.28,0.0,1.52,1.492,2.002,23278.08759765625,3.1,1167.45,166.27,1072.87,1290.56,55.17,1716.8
211,2019-12-01,2144.5355,286.464,3230.78,1517.27,8778.59193638393,314.6038091750372,103.7,2962.064031427557,80.054,2912434.1,1.28,0.0,1.53,1.39,1.948,23660.375558035717,3.4,1175.84,167.58,1077.22,1306.33,61.06,1849.6
212,2020-01-01,2207.549,296.2435,3225.52,1586.71,9233.35997953869,338.8328566778274,104.08,3078.654830932617,80.337,2929009.2,1.27,0.0,1.47,1.373,1.955,23642.921566611843,4.1,1164.28,168.01,1065.25,1293.7,51.56,1789.9
213,2020-02-01,2166.166,292.291,2954.22,1585.85,9418.85002055921,373.98842259457234,103.74,2927.51279296875,80.634,2954603.8,1.24,0.0,1.42,1.253,1.847,23180.366319444445,4.1,1193.79,170.48,1084.95,1302.33,44.76,1705.5
214,2020-03-01,1794.2813636363635,242.0790909090909,2584.59,1577.18,7772.205832741477,350.587270563299,102.82,2852.0630326704545,81.084,2984304.3,0.98,0.0,1.23,1.091,1.84,18974.00381324405,4.2,1220.09,173.78,1134.75,1350.35,20.48,1510.6
215,2020-04-01,1844.2715,246.543,2912.43,1713.4,8292.407180059523,404.3109508696057,101.93,2814.1126767113096,81.27,3015816.4,0.74,0.0,1.1,1.024,2.145,19208.35509672619,4.2,1225.23,172.92,1135.31,1331.71,18.84,1731.2
216,2020-05-01,1963.487894736842,259.25894736842105,3044.31,1730.27,9105.65546875,433.2940002441407,101.96,2867.084716796875,81.382,3046050.5,0.7,0.0,1.02,0.878,2.179,20543.261284722223,4.5,1228.67,172.52,1145.65,1338.74,35.49,1852.5
217,2020-06-01,2134.8904545454543,283.0354545454545,3100.29,1780.96,9839.971324573864,438.9777277166193,102.48,2940.7378662109377,81.776,3077284.1,0.48,0.0,0.79,0.85,2.218,22486.93448153409,4.3,1210.01,170.65,1124.69,1361.77,39.27,1996.4
218,2020-07-01,2197.6265217391306,291.1886956521739,3271.12,1975.87,10499.86270419034,499.3850028298118,102.71,3288.8273076596465,82.495,3093300.1,0.48,0.0,0.79,0.826,2.219,22529.47433035714,4.0,1198.9,170.92,1122.38,1372.98,40.27,2136.4
219,2020-08-01,2354.8175,311.9035,3500.31,1967.81,11212.29050409226,498.07476225353423,103.22,3374.2140531994046,83.137,3100373.4,0.51,0.0,0.68,0.829,2.192,22901.4458984375,3.1,1186.85,171.14,1119.52,1403.36,42.61,2260.4
220,2020-09-01,2375.035714285714,313.6895238095238,3363.0,1898.08,11088.679966517857,495.55333310081846,103.42,3288.8633034446025,83.798,3115238.9,0.48,0.0,0.63,0.908,2.239,23306.9458984375,3.6,1178.8,172.98,1116.0,1391.02,40.22,2244.1
221,2020-10-01,2360.252105263158,313.97315789473686,3269.96,1878.81,11435.234108664772,515.1418137983842,103.01,3301.7396850585938,84.359,3152811.6,0.5,0.0,0.63,0.91,2.239,23464.12490699405,3.7,1144.68,170.51,1088.09,1347.55,35.79,2246.1
222,2020-11-01,2496.544761904762,334.3071428571428,3621.63,1776.95,11794.4615234375,487.4440002441406,103.09,3345.486769903274,85.568,3183500.9,0.5,0.0,0.66,0.965,2.247,25384.86780427632,3.4,1116.76,169.07,1069.4,1320.66,45.34,2663.5
223,2020-12-01,2746.4680952380954,370.707619047619,3756.07,1898.36,12619.050914417614,516.5690904097123,103.9,3399.7195142663045,86.735,3197671.2,0.51,0.0,0.66,0.97,2.211,26772.954367897728,4.1,1095.13,167.63,1054.81,1331.75,48.52,2795.5
224,2021-01-01,3087.556,420.53,3714.24,1847.65,13186.605777138158,526.816844739412,105.05,3566.4279174804688,87.767,3223486.7,0.49,0.0,0.68,0.975,2.143,28189.06373355263,5.7,1097.49,169.61,1058.52,1336.31,52.2,2887.1
225,2021-02-01,3094.63,419.49611111111113,3811.15,1734.038,13737.403628700658,548.9599994860197,105.91,3576.935009765625,88.962,3271405.8,0.49,0.0,0.73,0.995,2.055,29458.7998046875,4.9,1111.72,172.34,1055.14,1344.6,61.5,3067.6
226,2021-03-01,3032.1922727272727,412.50181818181824,3972.89,1707.71,13168.811820652174,518.1234820822011,107.04,3442.978122877038,90.135,3313182.2,0.49,0.0,0.75,1.133,2.091,29315.295686141304,4.3,1131.02,173.76,1040.86,1346.74,59.16,3124.9
227,2021-04-01,3163.8127272727274,427.7495454545455,4181.17,1769.13,13900.43796502976,533.1366620744977,108.06,3453.5053362165177,91.091,3358874.9,0.48,0.0,0.74,1.138,1.983,29426.752046130958,4.0,1119.4,171.44,1025.98,1338.47,63.58,3109.0
228,2021-05-01,3168.295789473684,423.7931578947369,4204.11,1906.87,13520.229052734376,496.7144973754883,108.65,3508.935587565104,91.964,3379753.9,0.48,0.0,0.68,1.134,1.891,28517.088216145832,4.0,1123.28,174.55,1029.14,1363.91,66.32,3186.6
229,2021-06-01,3256.2490909090907,434.30909090909086,4297.5,1770.11,14097.169078480114,503.32409113103694,109.22,3575.853341238839,93.169,3413899.8,0.51,0.0,0.66,1.302,1.913,28943.229225852272,3.8,1121.3,174.66,1018.5,1351.94,73.47,3345.3
230,2021-07-01,3261.0227272727275,431.9859090909091,4395.26,1814.18,14639.07287016369,528.653330485026,110.28,3513.8716042258525,94.256,3445243.0,0.53,0.0,0.69,1.419,1.888,28118.755859375,3.2,1143.98,176.6,1037.25,1352.72,73.95,3356.5
231,2021-08-01,3186.7904761904765,418.9319047619048,4522.68,1813.62,14856.517711292614,532.3468170166016,110.86,3494.676524769176,95.666,3487634.1,0.56,0.0,0.77,1.411,1.838,27692.72888764881,2.6,1160.34,179.13,1056.31,1365.63,68.5,3417.7
232,2021-09-01,3144.794736842105,411.4578947368421,4307.54,1756.9,15023.53855096726,590.7952386765253,111.27,3627.2145263671873,97.123,3513680.6,0.77,0.0,0.98,1.515,1.953,29893.56865234375,2.7,1169.54,181.18,1061.22,1378.19,75.03,3258.1
233,2021-10-01,3001.907894736842,390.9194736842105,4605.38,1783.38,14879.01232328869,642.2028488885788,112.43,3574.0293731689453,98.14,3543363.7,0.75,0.0,1.08,1.842,2.302,28586.19754464286,2.8,1182.82,184.06,1044.91,1372.24,83.57,3451.3
234,2021-11-01,2974.7327272727275,389.8486363636364,4567.0,1774.52,15814.932896205357,667.5242861793155,113.23,3538.6064675071025,99.224,3594723.2,0.8,0.0,1.17,1.953,2.492,29370.6083984375,2.6,1182.91,185.11,1036.36,1350.43,66.18,3833.2
235,2021-12-01,2982.829545454545,395.7290909090909,4766.18,1829.2,15474.43172940341,608.4840892444957,113.21,3627.040718410326,99.72,3620057.4,1.024,0.0,1.27,1.8,2.41,28514.22824928977,3.5,1183.7,185.74,1039.51,1338.19,75.21,3946.2
236,2022-01-01,2879.2395,380.5275,4515.55,1797.17,14531.377490234376,487.8535003662109,114.4,3533.8926295230262,100.0,3634342.4,1.181,0.0,1.39,2.06,2.632,27903.988384046053,4.1,1194.01,187.75,1039.55,1353.2,88.15,3483.2
237,2022-02-01,2722.53,364.6244444444444,4373.79,1908.99,13898.728412828948,400.9863168816817,114.95,3461.9506072998047,100.207,3656135.8,1.211,0.0,1.5,2.285,2.873,27066.525390625,3.4,1198.34,188.81,1039.85,1359.89,95.72,3429.5
238,2022-03-01,2699.054285714285,359.86857142857144,4530.41,1937.43,13623.262950067934,366.7917414126189,116.7,3284.306099269701,100.306,3672133.4,1.25,0.0,1.5,2.369,3.028,26584.07768110796,3.0,1221.03,192.16,1028.59,1345.33,100.28,3429.0
239,2022-04-01,2700.21,356.0952380952381,4131.93,1896.92,13394.163037109374,297.4144989013672,118.59,3134.8397409539475,100.517,3675828.7,1.297,0.0,1.64,2.941,3.631,27043.33369140625,3.0,1232.34,191.82,977.38,1334.08,104.69,2919.7
240,2022-05-01,2628.3561904761905,347.5161904761905,4132.15,1837.36,11829.729538690475,186.44952392578125,119.43,3090.437898334704,100.768,3694489.3,1.504,0.0,1.77,3.019,3.775,26653.76953125,3.0,1269.88,188.78,985.49,1342.43,114.67,3098.7
241,2022-06-01,2487.5985,325.8685,3785.38,1807.27,11418.91908482143,184.84761991954983,120.1,3295.388078962053,100.869,3714442.7,1.751,0.0,1.99,3.477,4.233,26958.392223011364,3.0,1277.35,190.68,951.34,1348.96,106.22,2556.3
